"test","baseline_package","sample_size","median_p_value_diff","median_statistic_diff","label"
"breusch_pagan","lmtest",100,0,NA,"Breusch-Pagan LM"
"breusch_pagan","lmtest",1000,0,NA,"Breusch-Pagan LM"
"breusch_pagan","lmtest",10000,0,NA,"Breusch-Pagan LM"
"breusch_pagan","lmtest",100000,0,NA,"Breusch-Pagan LM"
"koenker","lmtest",100,5.55111512312578e-17,NA,"Koenker studentized BP"
"koenker","lmtest",1000,2.77555756156289e-17,NA,"Koenker studentized BP"
"koenker","lmtest",10000,2.22044604925031e-16,NA,"Koenker studentized BP"
"koenker","lmtest",100000,6.93889390390723e-16,NA,"Koenker studentized BP"
"ncv","car",100,2.05391259555654e-15,6.10622663543836e-15,"Non-constant variance score"
"ncv","car",1000,5.44009282066327e-14,5.99520433297585e-14,"Non-constant variance score"
"ncv","car",10000,4.36595204433843e-14,2.41584530158434e-13,"Non-constant variance score"
"ncv","car",100000,2.90292789806301e-12,4.09053346750454e-12,"Non-constant variance score"
