"test","sample_size","implementation","seconds","memory_mb","statistic_diff","p_value_diff"
"breusch_pagan",1000,"exact",0.00583825109060854,0.824241638183594,6.79012401860746e-13,1.48769885299771e-14
"koenker",1000,"exact",0.00615502707660198,1.04724884033203,5.6665783176868e-13,1.26565424807268e-14
"white",1000,"exact",0.00709237507544458,1.36970520019531,3.12638803734444e-13,2.42574728355461e-29
"breusch_pagan",10000,"exact",0.0170928360894322,8.09078979492188,3.45301565118916e-12,2.92977447857723e-14
"koenker",10000,"exact",0.0174993000691757,10.2363967895508,2.78579936896506e-12,6.87089274364894e-14
"white",10000,"exact",0.0250469560269266,13.5114364624023,5.6843418860808e-13,3.77287158082198e-155
"breusch_pagan",100000,"exact",0.171001304988749,79.8261871337891,1.1799894394926e-11,2.48145948233969e-12
"koenker",100000,"exact",0.190426261047833,101.283889770508,8.87023787754515e-12,1.93478566501426e-12
"white",100000,"exact",0.281345095136203,133.998664855957,6.3664629124105e-12,0
"breusch_pagan",250000,"exact",0.372177419019863,197.981185913086,3.38853389791893e-11,4.4612646910025e-12
"koenker",250000,"exact",0.406450398964807,251.768455505371,2.56723531322223e-11,5.20938847614616e-12
"white",250000,"exact",0.698393557104282,333.406707763672,2.5465851649642e-11,0
"breusch_pagan",1000,"streaming",0.0024168030358851,0.397613525390625,6.79012401860746e-13,1.48769885299771e-14
"koenker",1000,"streaming",0.00194309302605689,0.397605895996094,5.6665783176868e-13,1.26565424807268e-14
"white",1000,"streaming",0.00267512304708362,0.82977294921875,3.12638803734444e-13,2.42574728355461e-29
"breusch_pagan",10000,"streaming",0.0102372809778899,4.07585906982422,3.45301565118916e-12,2.92977447857723e-14
"koenker",10000,"streaming",0.00789735105354339,4.07584381103516,2.78579936896506e-12,6.87089274364894e-14
"white",10000,"streaming",0.0102809519739822,8.46868133544922,5.6843418860808e-13,3.77287158082198e-155
"breusch_pagan",100000,"streaming",0.0817440851824358,41.3246994018555,1.1799894394926e-11,2.48145948233969e-12
"koenker",100000,"streaming",0.0826523530995473,41.3246841430664,8.87023787754515e-12,1.93478566501426e-12
"white",100000,"streaming",0.101024798001163,86.2477340698242,6.3664629124105e-12,0
"breusch_pagan",250000,"streaming",0.201256194966845,102.317230224609,3.38853389791893e-11,4.4612646910025e-12
"koenker",250000,"streaming",0.205252422019839,102.31721496582,2.56723531322223e-11,5.20938847614616e-12
"white",250000,"streaming",0.380506725050509,214.790794372559,2.5465851649642e-11,0
