"Error","n","Test","Rejection (%)","MC lower (%)","MC upper (%)","Valid replications"
"gaussian",50,"Breusch-Pagan",5.3,4.31812998416287,6.28187001583713,2000
"gaussian",50,"Goldfeld-Quandt",5.55,4.54656661506605,6.55343338493395,2000
"gaussian",50,"Koenker",5.1,4.13581744881999,6.06418255118001,2000
"gaussian",50,"White",4.55,3.63665524690838,5.46334475309162,2000
"gaussian",100,"Breusch-Pagan",4.85,3.90850863944484,5.79149136055516,2000
"gaussian",100,"Goldfeld-Quandt",5.8,4.77557416666701,6.82442583333299,2000
"gaussian",100,"Koenker",5.15,4.18135786690853,6.11864213309147,2000
"gaussian",100,"White",4.65,3.72715683781045,5.57284316218955,2000
"gaussian",250,"Breusch-Pagan",5.05,4.09030275711556,6.00969724288444,2000
"gaussian",250,"Goldfeld-Quandt",5.35,4.36376985343177,6.33623014656823,2000
"gaussian",250,"Koenker",4.9,3.95391670979771,5.8460832902023,2000
"gaussian",250,"White",5.05,4.09030275711556,6.00969724288444,2000
"t5",50,"Breusch-Pagan",14.7,13.1480623955842,16.2519376044158,2000
"t5",50,"Goldfeld-Quandt",16.55,14.9212544465141,18.1787455534859,2000
"t5",50,"Koenker",4.75,3.81777580486237,5.68222419513763,2000
"t5",50,"White",4.5,3.59144961614669,5.40855038385331,2000
"t5",100,"Breusch-Pagan",18.15,16.4607702163412,19.8392297836588,2000
"t5",100,"Goldfeld-Quandt",19.5,17.7635738426296,21.2364261573704,2000
"t5",100,"Koenker",4.3,3.41093959260352,5.18906040739648,2000
"t5",100,"White",3.85,3.00676993530828,4.69323006469172,2000
"t5",250,"Breusch-Pagan",19.6,17.86020878494,21.33979121506,2000
"t5",250,"Goldfeld-Quandt",22.65,20.8155522951035,24.4844477048965,2000
"t5",250,"Koenker",4.2,3.3208793666396,5.07912063336041,2000
"t5",250,"White",4.4,3.50113109298408,5.29886890701592,2000
