"scenario","pattern","error","n","strength","test","estimate","mc_se","lower","upper","n_valid","replications","seed"
"power","Linear","gaussian","50",1,"Breusch-Pagan",0.7015,0.0102322468207134,0.681444796231402,0.721555203768598,2000,2000,20261007
"power","Linear","gaussian","50",1,"Goldfeld-Quandt",0.67,0.0105142760093123,0.649392019021748,0.690607980978252,2000,2000,20261007
"power","Linear","gaussian","50",1,"Koenker",0.6535,0.0106404358463364,0.632644745741181,0.674355254258819,2000,2000,20261007
"power","Linear","gaussian","50",1,"White",0.4725,0.0111634168156528,0.45061970304132,0.494380296958679,2000,2000,20261007
"power","Linear","gaussian","100",1,"Breusch-Pagan",0.956,0.00458606585212206,0.947011310929841,0.964988689070159,2000,2000,20261007
"power","Linear","gaussian","100",1,"Goldfeld-Quandt",0.943,0.00518415856238985,0.932839049217716,0.953160950782284,2000,2000,20261007
"power","Linear","gaussian","100",1,"Koenker",0.9375,0.00541265877365274,0.926891188803641,0.948108811196359,2000,2000,20261007
"power","Linear","gaussian","100",1,"White",0.892,0.0069403169956422,0.878396978688541,0.905603021311459,2000,2000,20261007
"power","Linear","gaussian","250",1,"Breusch-Pagan",1,0,1,1,2000,2000,20261007
"power","Linear","gaussian","250",1,"Goldfeld-Quandt",1,0,1,1,2000,2000,20261007
"power","Linear","gaussian","250",1,"Koenker",1,0,1,1,2000,2000,20261007
"power","Linear","gaussian","250",1,"White",1,0,1,1,2000,2000,20261007
"power","Step","gaussian","50",1,"Breusch-Pagan",0.9645,0.00413761706783023,0.956390270547053,0.972609729452947,2000,2000,20261007
"power","Step","gaussian","50",1,"Goldfeld-Quandt",0.986,0.00262716577322407,0.980850755084481,0.991149244915519,2000,2000,20261007
"power","Step","gaussian","50",1,"Koenker",0.8335,0.00832999849939962,0.817173202941177,0.849826797058823,2000,2000,20261007
"power","Step","gaussian","50",1,"White",0.681,0.0104220679329968,0.660572746851326,0.701427253148674,2000,2000,20261007
"power","Step","gaussian","100",1,"Breusch-Pagan",1,0,1,1,2000,2000,20261007
"power","Step","gaussian","100",1,"Goldfeld-Quandt",1,0,1,1,2000,2000,20261007
"power","Step","gaussian","100",1,"Koenker",0.996,0.00141138230115019,0.993233690689746,0.998766309310254,2000,2000,20261007
"power","Step","gaussian","100",1,"White",0.991,0.00211175282644537,0.986860964460167,0.995139035539833,2000,2000,20261007
"power","Step","gaussian","250",1,"Breusch-Pagan",1,0,1,1,2000,2000,20261007
"power","Step","gaussian","250",1,"Goldfeld-Quandt",1,0,1,1,2000,2000,20261007
"power","Step","gaussian","250",1,"Koenker",1,0,1,1,2000,2000,20261007
"power","Step","gaussian","250",1,"White",1,0,1,1,2000,2000,20261007
"power","U-shaped","gaussian","50",1,"Breusch-Pagan",0.212,0.00913936540466569,0.194086843806855,0.229913156193145,2000,2000,20261007
"power","U-shaped","gaussian","50",1,"Goldfeld-Quandt",0.1025,0.00678209960115597,0.0892070847817343,0.115792915218266,2000,2000,20261007
"power","U-shaped","gaussian","50",1,"Koenker",0.1455,0.00788447049585449,0.130046437828125,0.160953562171875,2000,2000,20261007
"power","U-shaped","gaussian","50",1,"White",0.6,0.0109544511501033,0.578529275745797,0.621470724254202,2000,2000,20261007
"power","U-shaped","gaussian","100",1,"Breusch-Pagan",0.2545,0.00973986011193179,0.235409874180614,0.273590125819386,2000,2000,20261007
"power","U-shaped","gaussian","100",1,"Goldfeld-Quandt",0.117,0.00718717607965743,0.102913134883871,0.131086865116129,2000,2000,20261007
"power","U-shaped","gaussian","100",1,"Koenker",0.16,0.00819756061276768,0.143932781198975,0.176067218801025,2000,2000,20261007
"power","U-shaped","gaussian","100",1,"White",0.8935,0.00689774419647467,0.87998042137491,0.90701957862509,2000,2000,20261007
"power","U-shaped","gaussian","250",1,"Breusch-Pagan",0.2555,0.0097524291845673,0.236385238798248,0.274614761201752,2000,2000,20261007
"power","U-shaped","gaussian","250",1,"Goldfeld-Quandt",0.111,0.00702420814042409,0.0972325520447688,0.124767447955231,2000,2000,20261007
"power","U-shaped","gaussian","250",1,"Koenker",0.1725,0.00844818767547218,0.155941552156075,0.189058447843925,2000,2000,20261007
"power","U-shaped","gaussian","250",1,"White",0.9995,0.000499874984371065,0.998520245030633,1,2000,2000,20261007
